{
"components": {
	"fields": ["COMPONENT_NO", "COMPONENT_NAME", "LAYER", "X_COORDINATE", "Y_COORDINATE", "ANGLE", "COVER_PART"],
	"rows": [
		[1, "Touch1", "T", 18.622, 21.893, 0, ""],
		[2, "Touch2", "T", 18.584, -21.859, 0, ""],
		[3, "USB1", "T", -45.656, 0, 270, ""],
		[4, "H1", "T", 57.075, 0, 90, ""],
		[5, "C2", "B", 7.087, -21.752, 270, ""],
		[6, "C4", "B", -2.559, -2.264, 180, ""],
		[7, "C5", "B", -2.559, -5.315, 180, ""],
		[8, "C7", "T", 10.039, -3.445, 90, ""],
		[9, "C8", "T", 27.362, 2.953, 90, ""],
		[10, "C12", "T", -4.724, 23.031, 0, ""],
		[11, "C13", "T", -4.724, 14.37, 0, ""],
		[12, "C17", "T", -4.724, -23.228, 180, ""],
		[13, "C18", "B", -27.946, 23.187, 0, ""],
		[14, "C20", "B", 27.265, -1.28, 90, ""],
		[15, "C21", "B", 27.362, -13.287, 90, ""],
		[16, "D1", "B", -29.134, -16.732, 90, ""],
		[17, "D2", "B", -25.59, -7.087, 180, ""],
		[18, "D3", "B", -27.953, 15.748, 180, ""],
		[19, "D4", "B", -31.299, 0, 0, ""],
		[20, "R1", "T", -32.677, -9.941, 270, ""],
		[21, "R2", "B", 4.035, -21.752, 270, ""],
		[22, "R3", "T", -31.299, 17.52, 0, ""],
		[23, "R4", "T", -31.299, 14.567, 180, ""],
		[24, "R9", "T", -4.724, -20.276, 0, ""],
		[25, "R10", "T", -4.724, -17.323, 0, ""],
		[26, "R11", "T", -32.677, 9.744, 90, ""],
		[27, "R15", "T", 27.265, -2.953, 270, ""],
		[28, "R19", "T", -32.58, -4.232, 90, ""],
		[29, "R22", "T", -4.724, 20.276, 0, ""],
		[30, "R23", "T", -4.724, 17.323, 0, ""],
		[31, "R26", "T", -4.724, -14.37, 180, ""],
		[32, "R27", "B", -15.355, 23.033, 180, ""],
		[33, "RT", "B", -30.495, 10.284, 180, ""],
		[34, "SW1", "T", 2.953, 15.748, 90, ""],
		[35, "SW2", "T", 2.953, -15.748, 90, ""],
		[36, "U5", "T", 18.602, 0, 270, ""],
		[37, "U8", "T", -17.716, -19.094, 90, ""],
		[38, "U9", "T", -17.716, 19.094, 270, ""],
		[39, "U1", "T", -16.535, 0, 270, ""],
		[40, "C3", "T", 10.138, 9.252, 90, ""],
		[41, "R12", "B", 10.039, -18.307, 90, ""],
		[42, "R16", "B", 10.039, -6.299, 90, ""],
		[43, "U4", "B", 18.701, -15.748, 0, ""],
		[44, "U6", "B", 18.701, -3.74, 0, ""],
		[45, "X1", "T", 3.051, 0, 90, ""],
		[46, "C11", "T", 10.039, 15.354, 270, ""],
		[47, "U7", "T", 18.701, 12.795, 0, ""],
		[48, "C16", "T", 27.362, 15.354, 270, ""],
		[49, "R21", "T", 27.362, 9.055, 90, ""],
		[50, "R20", "T", 27.362, -9.055, 90, ""],
		[51, "C19", "T", 27.362, -15.354, 90, ""],
		[52, "U10", "T", 18.701, -12.795, 180, ""],
		[53, "SWAP_SWD", "T", 33.385, -15.155, 270, ""],
		[54, "SWAP_UART", "T", 33.268, 15.551, 90, ""],
		[55, "C22", "T", 10.039, -15.354, 90, ""],
		[56, "C1", "T", 10.112, -9.455, 90, ""],
		[57, "C15", "T", -31.299, -23.108, 180, ""],
		[58, "R25", "T", -31.299, -17.234, 180, ""],
		[59, "C14", "T", -31.299, -20.187, 180, ""],
		[60, "R24", "T", -31.299, -14.25, 180, ""],
		[61, "U3", "T", -31.293, 23.31, 0, ""],
		[62, "U2", "T", -31.299, 20.472, 0, ""],
		[63, "R14", "B", -30.905, 4.134, 0, ""],
		[64, "R13", "B", -30.905, -4.134, 0, ""],
		[65, "R5", "B", 25.983, 12.373, 180, ""],
		[66, "R6", "B", 25.983, 9.42, 180, ""],
		[67, "R8", "B", -23.977, 10.295, 270, ""],
		[68, "R7", "B", -21.102, 10.272, 270, ""],
		[69, "C6", "T", 10.039, 2.75, 270, ""]
	]
},
"pins": {
	"fields": ["PIN_NO", "PIN_NAME", "PIN_X", "PIN_Y", "LAYER", "PIN_TYPE", "NET_NAME", "NET_TYPE", "PAD_SHAPE", "PAD_SIZEX", "PAD_SIZEY", "HOLE_SIZE"],
	"rows": [
		[1, "Touch1_1", 18.622, 21.893, "T", "SMD", "$1N13597", "", "R", 19.685, 4.764, 0],
		[2, "Touch2_1", 18.584, -21.859, "T", "SMD", "$1N13901", "", "R", 19.685, 4.764, 0],
		[3, "USB1_A1", -38.077, 14.764, "T", "SMD", "GND", "GND", "R", 1.181, 3.543, 0],
		[4, "USB1_28", -38.077, 16.732, "T", "SMD", "GND", "GND", "R", 1.181, 3.543, 0],
		[5, "USB1_A4", -38.077, 10.827, "T", "SMD", "VBUS", "", "R", 1.181, 3.543, 0],
		[6, "USB1_A5", -38.077, 6.89, "T", "SMD", "$1N1017", "", "R", 1.181, 3.543, 0],
		[7, "USB1_A6", -38.077, 2.953, "T", "SMD", "P5.1_DP", "", "R", 1.181, 3.543, 0],
		[8, "USB1_A7", -38.077, -2.953, "T", "SMD", "P5.0_DM", "", "R", 1.181, 3.543, 0],
		[9, "USB1_A9", -38.077, -10.827, "T", "SMD", "VBUS", "", "R", 1.181, 3.543, 0],
		[10, "USB1_A12", -38.077, -14.764, "T", "SMD", "GND", "GND", "R", 1.181, 3.543, 0],
		[11, "USB1_B1", -38.077, -12.795, "T", "SMD", "GND", "GND", "R", 1.181, 3.543, 0],
		[12, "USB1_27", -38.077, -16.732, "T", "SMD", "GND", "GND", "R", 1.181, 3.543, 0],
		[13, "USB1_B4", -38.077, -8.858, "T", "SMD", "VBUS", "", "R", 1.181, 3.543, 0],
		[14, "USB1_B5", -38.077, -4.921, "T", "SMD", "$1N826", "", "R", 1.181, 3.543, 0],
		[15, "USB1_B6", -38.077, -0.984, "T", "SMD", "P5.1_DP", "", "R", 1.181, 3.543, 0],
		[16, "USB1_B7", -38.077, 0.984, "T", "SMD", "P5.0_DM", "", "R", 1.181, 3.543, 0],
		[17, "USB1_B9", -38.077, 8.858, "T", "SMD", "VBUS", "", "R", 1.181, 3.543, 0],
		[18, "USB1_B12", -38.077, 12.795, "T", "SMD", "GND", "GND", "R", 1.181, 3.543, 0],
		[19, "USB1_25", -40.518, 21.26, "T", "DIP", "GND", "GND", "O", 4.331, 10.236, 8.268],
		[20, "USB1_25", -40.518, 21.26, "B", "DIP", "GND", "GND", "O", 4.331, 10.236, 8.268],
		[21, "USB1_25", -53.234, 21.26, "T", "DIP", "GND", "GND", "O", 4.331, 9.449, 7.087],
		[22, "USB1_25", -53.234, 21.26, "B", "DIP", "GND", "GND", "O", 4.331, 9.449, 7.087],
		[23, "USB1_26", -53.235, -21.26, "T", "DIP", "GND", "GND", "O", 4.331, 9.449, 7.087],
		[24, "USB1_26", -53.235, -21.26, "B", "DIP", "GND", "GND", "O", 4.331, 9.449, 7.087],
		[25, "USB1_26", -40.518, -21.26, "T", "DIP", "GND", "GND", "O", 4.331, 10.236, 8.268],
		[26, "USB1_26", -40.518, -21.26, "B", "DIP", "GND", "GND", "O", 4.331, 10.236, 8.268],
		[27, "H1_10", 57.075, 20, "B", "SMD", "TDI", "", "R", 6.693, 13.78, 0],
		[28, "H1_6", 57.075, 0, "B", "SMD", "RST", "", "R", 6.693, 13.78, 0],
		[29, "H1_8", 57.075, 10, "B", "SMD", "TDO", "", "R", 6.693, 13.78, 0],
		[30, "H1_5", 57.075, 0, "T", "SMD", "GND", "GND", "R", 6.693, 13.78, 0],
		[31, "H1_7", 57.075, 10, "T", "SMD", "$1N17849", "", "R", 6.693, 13.78, 0],
		[32, "H1_9", 57.075, 20, "T", "SMD", "$1N17847", "", "R", 6.693, 13.78, 0],
		[33, "H1_2", 57.075, -20, "B", "SMD", "5V", "", "R", 6.693, 13.78, 0],
		[34, "H1_4", 57.075, -10, "B", "SMD", "3V3", "", "R", 6.693, 13.78, 0],
		[35, "H1_1", 57.075, -20, "T", "SMD", "$1N17509", "", "R", 6.693, 13.78, 0],
		[36, "H1_3", 57.075, -10, "T", "SMD", "$1N17548", "", "R", 6.693, 13.78, 0],
		[37, "C2_1", 7.014, -20.048, "B", "SMD", "GND", "GND", "R", 1.378, 2.126, 0],
		[38, "C2_2", 7.014, -23.456, "B", "SMD", "IAP", "", "R", 1.378, 2.126, 0],
		[39, "C4_1", -0.849, -2.264, "B", "SMD", "GND", "GND", "R", 1.378, 2.126, 0],
		[40, "C4_2", -4.257, -2.264, "B", "SMD", "LP-3V3", "", "R", 1.378, 2.126, 0],
		[41, "C5_1", -0.849, -5.315, "B", "SMD", "GND", "GND", "R", 1.378, 2.126, 0],
		[42, "C5_2", -4.257, -5.315, "B", "SMD", "LP-3V3", "", "R", 1.378, 2.126, 0],
		[43, "C7_1", 10.039, -5.155, "T", "SMD", "GND", "GND", "R", 1.378, 2.126, 0],
		[44, "C7_2", 10.039, -1.747, "T", "SMD", "DC_5V", "", "R", 1.378, 2.126, 0],
		[45, "C8_1", 27.289, 1.249, "T", "SMD", "GND", "GND", "R", 1.378, 2.126, 0],
		[46, "C8_2", 27.289, 4.657, "T", "SMD", "LP-3V3", "", "R", 1.378, 2.126, 0],
		[47, "C12_1", -6.428, 23.104, "T", "SMD", "P3.0_TXD_SWD", "", "R", 1.378, 2.126, 0],
		[48, "C12_2", -3.02, 23.104, "T", "SMD", "GND", "GND", "R", 1.378, 2.126, 0],
		[49, "C13_1", -6.428, 14.443, "T", "SMD", "P3.0_RXD_SWD", "", "R", 1.378, 2.126, 0],
		[50, "C13_2", -3.02, 14.443, "T", "SMD", "GND", "GND", "R", 1.378, 2.126, 0],
		[51, "C17_1", -3.014, -23.228, "T", "SMD", "GND", "GND", "R", 1.378, 2.126, 0],
		[52, "C17_2", -6.422, -23.228, "T", "SMD", "LP-3V3", "", "R", 1.378, 2.126, 0],
		[53, "C18_1", -29.657, 23.187, "B", "SMD", "GND", "GND", "R", 1.378, 2.126, 0],
		[54, "C18_2", -26.249, 23.187, "B", "SMD", "LP-3V3", "", "R", 1.378, 2.126, 0],
		[55, "C20_1", 27.265, -2.99, "B", "SMD", "GND", "GND", "R", 1.378, 2.126, 0],
		[56, "C20_2", 27.265, 0.418, "B", "SMD", "5V", "", "R", 1.378, 2.126, 0],
		[57, "C21_1", 27.362, -14.998, "B", "SMD", "GND", "GND", "R", 1.378, 2.126, 0],
		[58, "C21_2", 27.362, -11.59, "B", "SMD", "3V3", "", "R", 1.378, 2.126, 0],
		[59, "D1_2", -29.12, -23.172, "B", "SMD", "GND", "GND", "R", 1.968, 4.173, 0],
		[60, "D1_1", -29.12, -10.504, "B", "SMD", "VBUS", "", "R", 1.968, 4.173, 0],
		[61, "D2_1", -23.64, -7.012, "B", "SMD", "DC_5V", "", "R", 2.756, 1.181, 0],
		[62, "D2_2", -27.577, -7.012, "B", "SMD", "VBUS", "", "R", 2.756, 1.181, 0],
		[63, "D3_3", -25.868, 15.748, "B", "SMD", "GND", "GND", "R", 1.968, 1.299, 0],
		[64, "D3_1", -30.038, 14.173, "B", "SMD", "VBUS", "", "R", 1.968, 0.984, 0],
		[65, "D3_2", -30.038, 17.323, "B", "SMD", "GND", "GND", "R", 1.968, 0.984, 0],
		[66, "D4_3", -33.384, 0, "B", "SMD", "GND", "GND", "R", 1.968, 1.299, 0],
		[67, "D4_1", -29.214, 1.575, "B", "SMD", "P5.1_DP_USB", "", "R", 1.968, 0.984, 0],
		[68, "D4_2", -29.214, -1.575, "B", "SMD", "P5.0_DM_USB", "", "R", 1.968, 0.984, 0],
		[69, "R1_1", -32.635, -8.237, "T", "SMD", "PC6", "", "R", 1.378, 2.126, 0],
		[70, "R1_2", -32.635, -11.645, "T", "SMD", "D_SWDIO", "", "R", 1.378, 2.126, 0],
		[71, "R2_1", 3.994, -20.048, "B", "SMD", "LP-3V3", "", "R", 1.378, 2.126, 0],
		[72, "R2_2", 3.994, -23.456, "B", "SMD", "IAP", "", "R", 1.378, 2.126, 0],
		[73, "R3_1", -33.003, 17.561, "T", "SMD", "$1N5264", "", "R", 1.378, 2.126, 0],
		[74, "R3_2", -29.595, 17.561, "T", "SMD", "GND", "GND", "R", 1.378, 2.126, 0],
		[75, "R4_1", -29.595, 14.525, "T", "SMD", "$1N5225", "", "R", 1.378, 2.126, 0],
		[76, "R4_2", -33.003, 14.525, "T", "SMD", "LED_CON", "", "R", 1.378, 2.126, 0],
		[77, "R9_1", -6.428, -20.234, "T", "SMD", "P1.1_SWDIO", "", "R", 1.378, 2.126, 0],
		[78, "R9_2", -3.02, -20.234, "T", "SMD", "D_SWDIO", "", "R", 1.378, 2.126, 0],
		[79, "R10_1", -6.428, -17.281, "T", "SMD", "P1.4_SWCLK", "", "R", 1.378, 2.126, 0],
		[80, "R10_2", -3.02, -17.281, "T", "SMD", "D_SWCLK", "", "R", 1.378, 2.126, 0],
		[81, "R11_1", -32.719, 8.04, "T", "SMD", "$1N1017", "", "R", 1.378, 2.126, 0],
		[82, "R11_2", -32.719, 11.448, "T", "SMD", "GND", "GND", "R", 1.378, 2.126, 0],
		[83, "R15_1", 27.307, -1.249, "T", "SMD", "$1N3898", "", "R", 1.378, 2.126, 0],
		[84, "R15_2", 27.307, -4.657, "T", "SMD", "DC_5V", "", "R", 1.378, 2.126, 0],
		[85, "R19_1", -32.622, -5.936, "T", "SMD", "$1N826", "", "R", 1.378, 2.126, 0],
		[86, "R19_2", -32.622, -2.528, "T", "SMD", "GND", "GND", "R", 1.378, 2.126, 0],
		[87, "R22_1", -6.428, 20.317, "T", "SMD", "P3.0_TXD_SWD", "", "R", 1.378, 2.126, 0],
		[88, "R22_2", -3.02, 20.317, "T", "SMD", "$1N17847", "", "R", 1.378, 2.126, 0],
		[89, "R23_1", -6.428, 17.365, "T", "SMD", "P3.0_RXD_SWD", "", "R", 1.378, 2.126, 0],
		[90, "R23_2", -3.02, 17.365, "T", "SMD", "$1N17849", "", "R", 1.378, 2.126, 0],
		[91, "R26_1", -3.02, -14.412, "T", "SMD", "$1N20568", "", "R", 1.378, 2.126, 0],
		[92, "R26_2", -6.428, -14.412, "T", "SMD", "GND", "GND", "R", 1.378, 2.126, 0],
		[93, "R27_1", -13.651, 23.074, "B", "SMD", "$1N20566", "", "R", 1.378, 2.126, 0],
		[94, "R27_2", -17.059, 23.074, "B", "SMD", "GND", "GND", "R", 1.378, 2.126, 0],
		[95, "RT_1", -30.495, 10.284, "B", "SMD", "RT", "", "C", 3.937, 3.937, 0],
		[96, "SW1_2", 2.953, 22.246, "T", "SMD", "GND", "GND", "R", 1.968, 5.118, 0],
		[97, "SW1_1", 2.953, 9.25, "T", "SMD", "OSC_OUT", "", "R", 1.968, 5.118, 0],
		[98, "SW2_2", 2.953, -9.25, "T", "SMD", "GND", "GND", "R", 1.968, 5.118, 0],
		[99, "SW2_1", 2.953, -22.246, "T", "SMD", "IAP", "", "R", 1.968, 5.118, 0],
		[100, "U5_5", 23.721, 3.667, "T", "SMD", "LP-3V3", "", "R", 2.362, 2.362, 0],
		[101, "U5_1", 13.484, 3.667, "T", "SMD", "DC_5V", "", "R", 2.362, 2.362, 0],
		[102, "U5_3", 13.484, -3.813, "T", "SMD", "$1N3898", "", "R", 2.362, 2.362, 0],
		[103, "U5_2", 13.484, -0.073, "T", "SMD", "GND", "GND", "R", 2.362, 2.362, 0],
		[104, "U8_1", -9.409, -23.031, "T", "SMD", "LP-3V3", "", "R", 0.984, 2.756, 0],
		[105, "U8_2", -9.409, -21.062, "T", "SMD", "SWD_DIR", "", "R", 0.984, 2.756, 0],
		[106, "U8_3", -9.409, -19.094, "T", "SMD", "P1.1_SWDIO", "", "R", 0.984, 2.756, 0],
		[107, "U8_4", -9.409, -17.125, "T", "SMD", "P1.4_SWCLK", "", "R", 0.984, 2.756, 0],
		[108, "U8_5", -9.409, -15.157, "T", "SMD", "GND", "GND", "R", 0.984, 2.756, 0],
		[109, "U8_10", -26.023, -23.031, "T", "SMD", "$1N20568", "", "R", 0.984, 2.756, 0],
		[110, "U8_9", -26.023, -21.062, "T", "SMD", "P1.4_SWCLK_SWD", "", "R", 0.984, 2.756, 0],
		[111, "U8_8", -26.023, -19.094, "T", "SMD", "P1.1_SWDIO_SWD", "", "R", 0.984, 2.756, 0],
		[112, "U8_7", -26.023, -17.125, "T", "SMD", "P1.1_SWDIO_SWD", "", "R", 0.984, 2.756, 0],
		[113, "U8_6", -26.023, -15.157, "T", "SMD", "P1.4_SWCLK_SWD", "", "R", 0.984, 2.756, 0],
		[114, "U9_1", -26.023, 23.031, "T", "SMD", "LP-3V3", "", "R", 0.984, 2.756, 0],
		[115, "U9_2", -26.023, 21.062, "T", "SMD", "UART_DIR", "", "R", 0.984, 2.756, 0],
		[116, "U9_3", -26.023, 19.094, "T", "SMD", "P3.0_RXD", "", "R", 0.984, 2.756, 0],
		[117, "U9_4", -26.023, 17.125, "T", "SMD", "P3.0_TXD", "", "R", 0.984, 2.756, 0],
		[118, "U9_5", -26.023, 15.157, "T", "SMD", "GND", "GND", "R", 0.984, 2.756, 0],
		[119, "U9_10", -9.41, 23.031, "T", "SMD", "$1N20566", "", "R", 0.984, 2.756, 0],
		[120, "U9_9", -9.41, 21.062, "T", "SMD", "P3.0_TXD_SWD", "", "R", 0.984, 2.756, 0],
		[121, "U9_8", -9.41, 19.094, "T", "SMD", "P3.0_RXD_SWD", "", "R", 0.984, 2.756, 0],
		[122, "U9_7", -9.41, 17.125, "T", "SMD", "P3.0_RXD_SWD", "", "R", 0.984, 2.756, 0],
		[123, "U9_6", -9.41, 15.157, "T", "SMD", "P3.0_TXD_SWD", "", "R", 0.984, 2.756, 0],
		[124, "U1_1", -27.838, 11.516, "T", "SMD", "RT", "", "R", 1.181, 3.937, 0],
		[125, "U1_2", -27.838, 8.957, "T", "SMD", "PA5", "", "R", 1.181, 3.937, 0],
		[126, "U1_3", -27.838, 6.398, "T", "SMD", "UART3_TX", "", "R", 1.181, 3.937, 0],
		[127, "U1_4", -27.838, 3.839, "T", "SMD", "UART3_RX", "", "R", 1.181, 3.937, 0],
		[128, "U1_5", -27.838, 1.279, "T", "SMD", "PB12", "", "R", 1.181, 3.937, 0],
		[129, "U1_6", -27.838, -1.28, "T", "SMD", "PB13", "", "R", 1.181, 3.937, 0],
		[130, "U1_7", -27.838, -3.839, "T", "SMD", "PB14", "", "R", 1.181, 3.937, 0],
		[131, "U1_8", -27.838, -6.398, "T", "SMD", "PB15", "", "R", 1.181, 3.937, 0],
		[132, "U1_9", -27.838, -8.957, "T", "SMD", "PC6", "", "R", 1.181, 3.937, 0],
		[133, "U1_10", -27.838, -11.516, "T", "SMD", "IAP", "", "R", 1.181, 3.937, 0],
		[134, "U1_20", -5.232, 11.516, "T", "SMD", "OSC_OUT", "", "R", 1.181, 3.937, 0],
		[135, "U1_19", -5.232, 8.957, "T", "SMD", "OSC_IN", "", "R", 1.181, 3.937, 0],
		[136, "U1_18", -5.232, 6.398, "T", "SMD", "GND", "GND", "R", 1.181, 3.937, 0],
		[137, "U1_17", -5.232, 3.839, "T", "SMD", "P5.1_DP_USB", "", "R", 1.181, 3.937, 0],
		[138, "U1_16", -5.232, 1.279, "T", "SMD", "P5.0_DM_USB", "", "R", 1.181, 3.937, 0],
		[139, "U1_15", -5.232, -1.28, "T", "SMD", "D_SWCLK", "", "R", 1.181, 3.937, 0],
		[140, "U1_14", -5.232, -3.839, "T", "SMD", "LP-3V3", "", "R", 1.181, 3.937, 0],
		[141, "U1_13", -5.232, -6.398, "T", "SMD", "D_SWDIO", "", "R", 1.181, 3.937, 0],
		[142, "U1_12", -5.232, -8.957, "T", "SMD", "LED_CON", "", "R", 1.181, 3.937, 0],
		[143, "U1_11", -5.232, -11.516, "T", "SMD", "RST", "", "R", 1.181, 3.937, 0],
		[144, "C3_1", 10.065, 7.548, "T", "SMD", "OSC_OUT", "", "R", 1.378, 2.126, 0],
		[145, "C3_2", 10.065, 10.956, "T", "SMD", "GND", "GND", "R", 1.378, 2.126, 0],
		[146, "R12_1", 10.081, -20.011, "B", "SMD", "GND", "GND", "R", 1.378, 2.126, 0],
		[147, "R12_2", 10.081, -16.603, "B", "SMD", "$1N47980", "", "R", 1.378, 2.126, 0],
		[148, "R16_1", 10.081, -8.003, "B", "SMD", "GND", "GND", "R", 1.378, 2.126, 0],
		[149, "R16_2", 10.081, -4.595, "B", "SMD", "$1N44148", "", "R", 1.378, 2.126, 0],
		[150, "U4_4", 13.362, -19.528, "B", "SMD", "PA5", "", "R", 2.362, 2.362, 0],
		[151, "U4_5", 13.362, -15.788, "B", "SMD", "$1N47980", "", "R", 2.362, 2.362, 0],
		[152, "U4_6", 13.362, -12.048, "B", "SMD", "LP-3V3", "", "R", 2.362, 2.362, 0],
		[153, "U4_1", 23.992, -12.048, "B", "SMD", "3V3", "", "R", 2.362, 2.362, 0],
		[154, "U4_2", 23.992, -15.788, "B", "SMD", "GND", "GND", "R", 2.362, 2.362, 0],
		[155, "U6_4", 13.362, -7.521, "B", "SMD", "PB12", "", "R", 2.362, 2.362, 0],
		[156, "U6_5", 13.362, -3.781, "B", "SMD", "$1N44148", "", "R", 2.362, 2.362, 0],
		[157, "U6_6", 13.362, -0.041, "B", "SMD", "DC_5V", "", "R", 2.362, 2.362, 0],
		[158, "U6_1", 23.992, -0.041, "B", "SMD", "5V", "", "R", 2.362, 2.362, 0],
		[159, "U6_2", 23.992, -3.781, "B", "SMD", "GND", "GND", "R", 2.362, 2.362, 0],
		[160, "X1_4", -0.27, -4.061, "T", "SMD", "GND", "GND", "R", 3.937, 3.15, 0],
		[161, "X1_1", 6.226, -4.061, "T", "SMD", "OSC_IN", "", "R", 3.937, 3.15, 0],
		[162, "X1_2", 6.226, 4.207, "T", "SMD", "GND", "GND", "R", 3.937, 3.15, 0],
		[163, "X1_3", -0.27, 4.207, "T", "SMD", "OSC_OUT", "", "R", 3.937, 3.15, 0],
		[164, "C11_1", 10.039, 17.065, "T", "SMD", "GND", "GND", "R", 1.378, 2.126, 0],
		[165, "C11_2", 10.039, 13.657, "T", "SMD", "LP-3V3", "", "R", 1.378, 2.126, 0],
		[166, "U7_3", 24.016, 16.535, "T", "SMD", "$1N13597", "", "R", 2.362, 2.362, 0],
		[167, "U7_2", 24.016, 12.795, "T", "SMD", "GND", "GND", "R", 2.362, 2.362, 0],
		[168, "U7_1", 24.016, 9.055, "T", "SMD", "UART_DIR", "", "R", 2.362, 2.362, 0],
		[169, "U7_6", 13.386, 9.055, "T", "SMD", "LP-3V3", "", "R", 2.362, 2.362, 0],
		[170, "U7_5", 13.386, 12.795, "T", "SMD", "LP-3V3", "", "R", 2.362, 2.362, 0],
		[171, "U7_4", 13.386, 16.535, "T", "SMD", "GND", "GND", "R", 2.362, 2.362, 0],
		[172, "C16_1", 27.362, 17.065, "T", "SMD", "$1N13597", "", "R", 1.378, 2.126, 0],
		[173, "C16_2", 27.362, 13.657, "T", "SMD", "GND", "GND", "R", 1.378, 2.126, 0],
		[174, "R21_1", 27.32, 7.351, "T", "SMD", "$1N14250", "", "R", 1.378, 2.126, 0],
		[175, "R21_2", 27.32, 10.759, "T", "SMD", "GND", "GND", "R", 1.378, 2.126, 0],
		[176, "R20_1", 27.32, -10.759, "T", "SMD", "$1N14251", "", "R", 1.378, 2.126, 0],
		[177, "R20_2", 27.32, -7.351, "T", "SMD", "GND", "GND", "R", 1.378, 2.126, 0],
		[178, "C19_1", 27.362, -17.065, "T", "SMD", "GND", "GND", "R", 1.378, 2.126, 0],
		[179, "C19_2", 27.362, -13.657, "T", "SMD", "LP-3V3", "", "R", 1.378, 2.126, 0],
		[180, "U10_3", 13.386, -16.535, "T", "SMD", "$1N13901", "", "R", 2.362, 2.362, 0],
		[181, "U10_2", 13.386, -12.795, "T", "SMD", "GND", "GND", "R", 2.362, 2.362, 0],
		[182, "U10_1", 13.386, -9.055, "T", "SMD", "SWD_DIR", "", "R", 2.362, 2.362, 0],
		[183, "U10_6", 24.016, -9.055, "T", "SMD", "LP-3V3", "", "R", 2.362, 2.362, 0],
		[184, "U10_5", 24.016, -12.795, "T", "SMD", "LP-3V3", "", "R", 2.362, 2.362, 0],
		[185, "U10_4", 24.016, -16.535, "T", "SMD", "GND", "GND", "R", 2.362, 2.362, 0],
		[186, "SWAP_SWD_2", 33.399, -17.716, "T", "SMD", "SWD_DIR", "", "R", 3.15, 1.378, 0],
		[187, "SWAP_SWD_1", 33.371, -12.598, "T", "SMD", "$1N14251", "", "R", 3.15, 1.378, 0],
		[188, "SWAP_UART_2", 33.254, 18.112, "T", "SMD", "UART_DIR", "", "R", 3.15, 1.378, 0],
		[189, "SWAP_UART_1", 33.281, 12.994, "T", "SMD", "$1N14250", "", "R", 3.15, 1.378, 0],
		[190, "C22_1", 10.039, -17.065, "T", "SMD", "$1N13901", "", "R", 1.378, 2.126, 0],
		[191, "C22_2", 10.039, -13.657, "T", "SMD", "GND", "GND", "R", 1.378, 2.126, 0],
		[192, "C1_1", 10.039, -11.159, "T", "SMD", "GND", "GND", "R", 1.378, 2.126, 0],
		[193, "C1_2", 10.039, -7.751, "T", "SMD", "OSC_IN", "", "R", 1.378, 2.126, 0],
		[194, "C15_1", -29.595, -23.181, "T", "SMD", "P1.1_SWDIO_SWD", "", "R", 1.378, 2.126, 0],
		[195, "C15_2", -33.003, -23.181, "T", "SMD", "GND", "GND", "R", 1.378, 2.126, 0],
		[196, "R25_1", -29.595, -17.276, "T", "SMD", "P1.1_SWDIO_SWD", "", "R", 1.378, 2.126, 0],
		[197, "R25_2", -33.003, -17.276, "T", "SMD", "$1N17509", "", "R", 1.378, 2.126, 0],
		[198, "C14_1", -29.595, -20.26, "T", "SMD", "P1.4_SWCLK_SWD", "", "R", 1.378, 2.126, 0],
		[199, "C14_2", -33.003, -20.26, "T", "SMD", "GND", "GND", "R", 1.378, 2.126, 0],
		[200, "R24_1", -29.595, -14.292, "T", "SMD", "P1.4_SWCLK_SWD", "", "R", 1.378, 2.126, 0],
		[201, "R24_2", -33.003, -14.292, "T", "SMD", "$1N17548", "", "R", 1.378, 2.126, 0],
		[202, "U3_1", -33.112, 23.332, "T", "SMD", "$1N5225", "", "R", 1.378, 1.968, 0],
		[203, "U3_2", -29.474, 23.332, "T", "SMD", "LP-3V3", "", "R", 1.378, 1.968, 0],
		[204, "U2_1", -33.118, 20.472, "T", "SMD", "$1N5264", "", "R", 1.378, 1.968, 0],
		[205, "U2_2", -29.48, 20.472, "T", "SMD", "LP-3V3", "", "R", 1.378, 1.968, 0],
		[206, "R14_1", -32.609, 4.092, "B", "SMD", "P5.1_DP", "", "R", 1.378, 2.126, 0],
		[207, "R14_2", -29.201, 4.092, "B", "SMD", "P5.1_DP_USB", "", "R", 1.378, 2.126, 0],
		[208, "R13_1", -32.609, -4.176, "B", "SMD", "P5.0_DM", "", "R", 1.378, 2.126, 0],
		[209, "R13_2", -29.201, -4.176, "B", "SMD", "P5.0_DM_USB", "", "R", 1.378, 2.126, 0],
		[210, "R5_1", 27.687, 12.415, "B", "SMD", "TDI", "", "R", 1.378, 2.126, 0],
		[211, "R5_2", 24.279, 12.415, "B", "SMD", "PB15", "", "R", 1.378, 2.126, 0],
		[212, "R6_1", 27.687, 9.462, "B", "SMD", "TDO", "", "R", 1.378, 2.126, 0],
		[213, "R6_2", 24.279, 9.462, "B", "SMD", "PB14", "", "R", 1.378, 2.126, 0],
		[214, "R8_1", -24.019, 11.999, "B", "SMD", "P3.0_TXD", "", "R", 1.378, 2.126, 0],
		[215, "R8_2", -24.019, 8.591, "B", "SMD", "UART3_TX", "", "R", 1.378, 2.126, 0],
		[216, "R7_1", -21.143, 11.976, "B", "SMD", "P3.0_RXD", "", "R", 1.378, 2.126, 0],
		[217, "R7_2", -21.143, 8.568, "B", "SMD", "UART3_RX", "", "R", 1.378, 2.126, 0],
		[218, "C6_1", 10.112, 4.454, "T", "SMD", "GND", "GND", "R", 1.378, 2.126, 0],
		[219, "C6_2", 10.112, 1.046, "T", "SMD", "DC_5V", "", "R", 1.378, 2.126, 0]
	]
}
}